{"cameraMode":{"drawMode":0,"name":"Shaded","section":"Shading Mode"},"sceneLighting":true,"audioPlay":false,"sceneViewState":{"showFog":true,"showMaterialUpdate":false,"showSkybox":true,"showFlares":true,"showImageEffects":true,"showParticleSystems":true},"in2DMode":false,"pivot":{"x":5.960464477539063e-8,"y":6.619999885559082,"z":-0.3000001311302185},"rotation":{"x":-0.052155181765556338,"y":-0.6664925217628479,"z":-0.046889420598745349,"w":0.7422319650650024},"size":5.380865573883057,"orthographic":false}